"","lag.1","lag.2","lag.3","lag.4"
"acf",c(1, -0.498955343390985, 0.217430451227652, -0.263913627828101, 0.0843764281952078, -0.054372311271879, -0.0309981661592962, 0.1268715002346, -0.179744365109193, 0.0993054341019948),c(1, -0.291792508334968, 0.113984359678368, -0.479314026715478, 0.164458853587849, -0.0241530202000392, 0.144324459044257, -0.19645709398357, 0.0300369353468, 0.0389120415767798),c(1, 0.143615437621751, 0.075388573065076, 0.120312809394203, 0.121698103375755, -0.190195807058492, -0.205468349090248, -0.144422994270983, -0.203274914844294, -0.217652858192769),c(1, 0.093554429833004, -0.124103869032249, -0.274696125333922, 0.142704895328147, -0.307672805975615, -0.253071610664839, -0.0903854008704266, 0.229029244268752, 0.0846412424471476)
"type",correlation,correlation,correlation,correlation
"n.used",10,10,10,10
"lag",c(0, 1, 2, 3, 4, 5, 6, 7, 8, 9),c(0, 1, 2, 3, 4, 5, 6, 7, 8, 9),c(0, 1, 2, 3, 4, 5, 6, 7, 8, 9),c(0, 1, 2, 3, 4, 5, 6, 7, 8, 9)
"series",theMatrix[1:10, 2],theMatrix[1:10, 3],theMatrix[1:10, 4],theMatrix[1:10, 6]
"snames",NULL,NULL,NULL,NULL
